Data,Otwarcie,Zamknięcie,Maks.,Min.,Obrót (mln. zł),Zmiana (%)
1/2/2020,282,286.8,286.8,281,47.7,0
1/3/2020,287,286,289.8,281.1,69.37,-0.28
1/7/2020,287.1,283.8,288.4,282.9,60.53,-0.77
1/8/2020,283.5,281.1,283.8,277.3,62.98,-0.95
1/9/2020,284,288.6,288.6,283,55.87,2.67
1/10/2020,289.5,285,292.7,284.5,75.95,-1.25
1/13/2020,287.8,290.6,290.6,284.2,60.28,1.96
1/14/2020,290.5,288.5,291.8,286.2,77.96,-0.72
1/15/2020,289.4,283.2,289.6,282.7,74.96,-1.84
1/16/2020,282.5,282.3,286,279.2,70.1,-0.32
1/17/2020,253.8,266.5,268,243,711.8,-5.6
1/20/2020,268.7,281.5,282.6,267.1,211.97,5.63
1/21/2020,281.7,278.8,285.7,273.6,124.17,-0.96
1/22/2020,281.9,275.6,284,274.4,138.45,-1.15
1/23/2020,274,274,278.5,272.8,125.23,-0.58
1/24/2020,273,276,277.5,271.2,90.52,0.73
1/27/2020,277.1,271,279.3,268.3,71.64,-1.81
1/28/2020,271.5,276.3,276.3,271.5,67.51,1.96
1/29/2020,277,277.3,277.9,274.2,110.01,0.36
1/30/2020,277,277.9,278.4,274,92.76,0.22
1/31/2020,278,281.6,281.6,274.5,155.04,1.33
2/3/2020,280.6,293.5,293.5,279.5,170.09,4.23
2/4/2020,293.5,305,305,290.3,200.23,3.92
2/5/2020,303,308,320.6,302.3,246.49,0.98
2/6/2020,309.5,313.7,314.5,305.7,103.05,1.85
2/7/2020,313.3,308.8,316.8,307.4,72.86,-1.56
2/10/2020,310.9,310.7,313.4,310,38.03,0.62
2/11/2020,313,310.5,317,310.5,67.83,-0.06
2/12/2020,311,313.2,315.8,308.4,73.26,0.87
2/13/2020,313.1,318.7,318.7,312.2,80.24,1.76
2/14/2020,319.3,326,326.8,317.5,128.44,2.29
2/17/2020,327.6,326,336,323.6,56.24,0
2/18/2020,325.4,329,330.8,323,37.47,0.92
2/19/2020,330,330.8,331.9,325.7,100.81,0.55
2/20/2020,330.6,328.5,331.9,326.6,64.9,-0.7
2/21/2020,328,331,334,326.6,67.15,0.76
2/24/2020,327.6,320.2,330,319,129.25,-3.26
2/25/2020,316.2,307.3,321.7,305.3,191.58,-4.03
2/26/2020,301.6,307.8,316.6,297,161.05,0.16
2/27/2020,308,292.5,311,290.7,137.63,-4.97
2/28/2020,276,278.5,286,261.6,306.06,-4.79
3/2/2020,287.9,284.4,298,272,191.86,2.12
3/3/2020,295,305.8,306.9,290.2,223.74,7.52
3/4/2020,300.3,295.6,304.4,292.5,123.1,-3.34
3/5/2020,303,297.6,305.5,294.2,90.58,0.68
3/6/2020,294.6,293.2,294.9,283,104.89,-1.48
3/9/2020,266,270,284,259.5,191.21,-7.91
3/10/2020,275,270.3,280,268,124.56,0.11
3/11/2020,270.3,270.3,270.3,270.3,0,0
3/12/2020,270.3,270.3,270.3,270.3,0,0
3/13/2020,230,243.9,253,223.8,297.58,-9.77
3/16/2020,235.9,252,272,222,234.59,3.32
3/17/2020,262,268.6,272.8,255.2,229.68,6.59
3/18/2020,269.5,258.3,281.2,255.3,189.22,-3.83
3/19/2020,258.3,273.5,273.5,256.5,136.16,5.88
3/20/2020,281,266.5,283.3,256.4,252.87,-2.56
3/23/2020,257.1,265.2,272,250,115.84,-0.49
3/24/2020,277.1,276.6,280.6,268.3,118.74,4.3
3/25/2020,284,277.6,287.7,272,107.09,0.36
3/26/2020,275.9,281.1,281.8,273.5,82.21,1.26
3/27/2020,282.5,279,283.8,274.6,79.41,-0.75
3/30/2020,280,280.9,280.9,273.2,77.69,0.68
3/31/2020,283,289.1,289.9,281.2,102.16,2.92
4/1/2020,283.5,282.1,287.9,279,76.06,-2.42
4/2/2020,282.1,287.8,287.8,276.5,81.68,2.02
4/3/2020,289,297,297.8,285.1,121.19,3.2
4/6/2020,305,318.2,318.7,304.3,124.34,7.14
4/7/2020,329,302.7,331.6,302.7,178.86,-4.87
4/8/2020,295,308.9,311.8,293,92.37,2.05
4/9/2020,331,329,333.9,319.7,225.58,6.51
4/10/2020,329,329,329,329,0,0
4/13/2020,329,329,329,329,0,0
4/14/2020,331,342,342.8,324.6,139.49,3.95
4/15/2020,343.7,342.2,344.9,338.3,195.27,0.06
4/16/2020,342.8,334.2,344.6,332.7,140.71,-2.34
4/17/2020,338.3,339.5,344.2,337,79.25,1.59
4/20/2020,339,345.2,346,335,76.24,1.68
4/21/2020,342.6,336,344.2,336,63.53,-2.67
4/22/2020,336,347,347,334,89.17,3.27
4/23/2020,343,354.7,354.7,342,106.1,2.22
4/24/2020,351.6,363.4,373.4,344,162.26,2.45
4/27/2020,367.5,368,374,366.1,121.31,1.27
4/28/2020,368.3,359.1,372.4,358.3,119.76,-2.42
4/29/2020,359.1,361.2,365.1,353.4,92.31,0.58
4/30/2020,362.7,357.6,367.5,351.4,116.48,-1
5/4/2020,351,357.9,365,348.6,88.17,0.08
5/5/2020,360.3,357.5,361,351.2,73.24,-0.11
5/6/2020,361.5,360,363.6,356.3,155.87,0.7
5/7/2020,360,355.6,363.2,354.1,70.58,-1.22
5/8/2020,359.2,354.9,359.7,352.5,68.25,-0.2
5/11/2020,358,363,363.6,354.1,85.44,2.28
5/12/2020,360.8,372.8,375.9,360.5,156.32,2.7
5/13/2020,371,379.5,379.6,370.4,103.97,1.8
5/14/2020,377.1,370,378.6,364.2,126.88,-2.5
5/15/2020,370.1,371.1,374.6,366.3,88.9,0.3
5/18/2020,375.4,385.2,385.2,371,93.02,3.8
5/19/2020,388.1,379.7,389,377.7,94.28,-1.43
5/20/2020,381.8,395,397.4,380.2,127.83,4.03
5/21/2020,394.8,392.6,400.2,391.4,127.77,-0.61
5/22/2020,390,393.4,396.9,388.8,88.36,0.2
5/25/2020,395.4,397.5,403.1,395.4,45.83,1.04
5/26/2020,400,413,417.7,398,176.36,3.9
5/27/2020,413,381.5,413.5,381,279.25,-7.63
5/28/2020,389.1,399,399.7,385.3,147.31,4.59
5/29/2020,411,403.8,412.9,393.1,340.29,1.2
6/1/2020,405,396.9,407.7,394.7,84.29,-1.71
6/2/2020,396,388.2,397.4,385.5,188.16,-2.19
6/3/2020,390,388.1,398,386,107.45,-0.03
6/4/2020,386.6,392.6,394.3,386,113.26,1.16
6/5/2020,394.5,390.6,396,388.5,149.53,-0.51
6/8/2020,386.1,370.8,388.5,370.8,174.3,-5.07
6/9/2020,372,385.9,385.9,352.2,145.55,4.07
6/11/2020,385.9,385.9,385.9,385.9,0,0
6/12/2020,378.1,379.3,388.7,371.9,127.12,-1.71
6/15/2020,375,373.1,381.8,373,112.87,-1.63
6/16/2020,377.8,379.3,385.5,375.4,58.05,1.66
6/17/2020,383.8,387.4,391.4,377.5,105.34,2.14
6/18/2020,387.4,387.3,396.5,386.2,72.39,-0.03
6/19/2020,373.4,392.7,393.9,373.3,332.12,1.39
6/22/2020,390,407.1,409,388,184.11,3.67
6/23/2020,407.3,404,412,400.2,97.59,-0.76
6/24/2020,410,407.6,412.9,405,78.43,0.89
6/25/2020,408,412.6,412.6,405,92.57,1.23
6/26/2020,415,395.3,416.5,395,216.08,-4.19
6/29/2020,394,401.6,402.9,390,116.98,1.59
6/30/2020,400,394.9,405.2,393.8,117.11,-1.67
7/1/2020,395.5,403.2,404.1,390,89.45,2.1
7/2/2020,404.9,404.9,408.6,400.9,86.67,0.42
7/3/2020,407,406,409.8,403.8,44.06,0.27
7/6/2020,409.8,405,410.5,403.9,65.79,-0.25
7/7/2020,405,404.4,407.4,400.4,76.04,-0.15
7/8/2020,404.4,399.1,405.1,396.9,72.99,-1.31
7/9/2020,399.2,385.9,400.9,385.9,171.52,-3.31
7/10/2020,381.3,380,386,379,148.96,-1.53
7/13/2020,383,369.5,385.4,368.7,169.09,-2.76
7/14/2020,366.9,353.9,367.9,351.1,223.11,-4.22
7/15/2020,357.4,365,379.2,357.4,207.99,3.14
7/16/2020,366,368.3,370.5,361.6,79.48,0.9
7/17/2020,369.4,371,371.6,366.2,81.24,0.73
7/20/2020,372,393.1,393.3,371.9,119.9,5.96
7/21/2020,397,381,398,380,157.9,-3.08
7/22/2020,381.3,383,386,375,114.42,0.52
7/23/2020,385.1,387.5,389.7,382.1,127.09,1.17
7/24/2020,382.1,388,388.8,379.2,165.73,0.13
7/27/2020,388,399.2,401.2,383.1,198.52,2.89
7/28/2020,397.6,395.2,398,390.2,113.28,-1
7/29/2020,393.5,401,403.6,391.2,229.15,1.47
7/30/2020,406,398.5,410.8,397.9,253.78,-0.62
7/31/2020,399.6,402,404.8,398.1,95.5,0.88
8/3/2020,400,417,418.8,399.4,280.09,3.73
8/4/2020,419,417.5,423,414.2,296.7,0.12
8/5/2020,416.8,410,419.5,408.4,141.32,-1.8
8/6/2020,411.5,412.5,417.6,407.6,97.38,0.61
8/7/2020,412,427,431.6,410.2,144.91,3.52
8/10/2020,427,425.4,435,424.2,116.33,-0.37
8/11/2020,427.2,416.6,429.6,412.2,94.02,-2.07
8/12/2020,416.6,418,420.4,410,95.42,0.34
8/13/2020,418,410.7,419.9,410.7,127.96,-1.75
8/14/2020,409.8,410.7,415.9,407,69.86,0
8/17/2020,410.7,408,415,407.4,132.03,-0.66
8/18/2020,408,406.3,409.6,401.4,99.33,-0.42
8/19/2020,406,415,415,404,78.29,2.14
8/20/2020,414,408.6,414,404.6,56.79,-1.54
8/21/2020,413.5,409.2,415.4,409,73.55,0.15
8/24/2020,414.2,414.6,419.1,411.8,77.61,1.32
8/25/2020,414,408,416,407,103.14,-1.59
8/26/2020,409.5,437,437.7,407.8,106.49,7.11
8/27/2020,435,460.8,462,433.1,287.07,5.45
8/28/2020,455.3,446,458.3,443.8,158.77,-3.21
8/31/2020,446,438.5,449.9,435,147.34,-1.68
9/1/2020,438.5,440.7,447.8,436.4,123.83,0.5
9/2/2020,439.1,439.9,451,438.1,74.27,-0.18
9/3/2020,443.4,430.6,446.8,429.8,132.64,-2.11
9/4/2020,419.8,428,435.9,411.6,349.63,-0.6
9/7/2020,430.1,436.6,439.1,425.7,66.38,2.01
9/8/2020,440,433.4,440.3,428.2,167.84,-0.73
9/9/2020,433,432,434.3,426.6,180.64,-0.32
9/10/2020,431.3,429,433.3,427.8,197.98,-0.69
9/11/2020,430,430.2,433,427.1,181.81,0.28
9/14/2020,433,417.3,434.5,417.3,258.86,-3
9/15/2020,417.2,403,417.2,400.5,182.84,-3.43
9/16/2020,405.6,405.3,412.9,401.5,140.29,0.57
9/17/2020,402,404,406.2,396.8,132.28,-0.32
9/18/2020,405,402.1,411.3,402.1,278.46,-0.47
9/21/2020,402,385.3,409.2,385.3,166.11,-4.18
9/22/2020,391.3,400.9,407.9,390.2,223.29,4.05
9/23/2020,400.9,407,409.4,400.9,130.35,1.52
9/24/2020,404,402.6,409.4,398.3,215.8,-1.08
9/25/2020,404.6,410,410,400.1,114.11,1.84
9/28/2020,414,429.6,429.6,413.3,133.5,4.78
9/29/2020,429.9,431.4,434.7,424.5,134.24,0.42
9/30/2020,425,418.4,430.4,418.4,181.32,-3.01
10/1/2020,416.9,382.6,416.9,377,459.11,-8.56
10/2/2020,390.1,397.2,400.5,384.1,298.43,3.82
10/5/2020,403,398.7,410.5,395.1,156.3,0.38
10/6/2020,400,374.8,400.8,373,305.32,-5.99
10/7/2020,375.3,377.1,379.8,365.7,197.95,0.61
10/8/2020,381.2,388.9,388.9,379.9,140.43,3.13
10/9/2020,389.9,378.2,389.9,373.5,138.97,-2.75
10/12/2020,378,371,382.7,371,161.55,-1.9
10/13/2020,371,383,384.2,367,107.41,3.23
10/14/2020,383,389,397.7,380.1,165.99,1.57
10/15/2020,386.4,375,387.5,373.3,117.74,-3.6
10/16/2020,378,378.6,390,378,240.71,0.96
10/19/2020,381.6,372,384,372,116.94,-1.74
10/20/2020,372,367.9,378,362.2,179.32,-1.1
10/21/2020,367.2,365.8,369.4,354.7,247.78,-0.57
10/22/2020,360,366.6,376.5,358,123.02,0.22
10/23/2020,367.4,353.5,370.1,352.7,279.16,-3.57
10/26/2020,354.5,360,365.6,354,135.64,1.84
10/27/2020,363.2,364.1,380,362.6,254.55,1.14
10/28/2020,349,331,353.9,320,533.78,-9.09
10/29/2020,336,354,356.5,334,264.97,6.95
10/30/2020,351.7,335.4,352,333.3,197.5,-5.25
11/2/2020,343.6,342.7,348.8,341.4,159.81,2.18
11/3/2020,347.5,365,366.5,343,208.2,6.51
11/4/2020,365,381.2,386.9,359.8,283.4,4.44
11/5/2020,387.9,371.1,396.2,370,293.76,-2.65
11/6/2020,373,383.1,389,371.5,143.18,3.23
11/9/2020,389,371.4,401.1,369.1,372.18,-3.05
11/10/2020,375,365.7,378.7,353.5,296.7,-1.53
11/12/2020,371,372.4,378.4,367.2,165.33,1.83
11/13/2020,372.5,363.4,372.5,363.1,104.81,-2.42
11/16/2020,370,360.4,371.9,360.4,112.29,-0.83
11/17/2020,360,369.6,371,359.2,107.36,2.55
11/18/2020,371,374.5,378.8,370,115.9,1.33
11/19/2020,374,368,374,365.5,124.46,-1.74
11/20/2020,368.1,372.2,376.1,368,110.05,1.14
11/23/2020,377.5,372.6,389,372,123.7,0.11
11/24/2020,375,371.1,377,365.5,103.02,-0.4
11/25/2020,372.2,364,373.5,363.1,126.64,-1.91
11/26/2020,369,358.9,377.5,358,181.96,-1.4
11/27/2020,359,362.7,364,352.6,136.87,1.06
11/30/2020,366,389.5,391.2,366,405.95,7.39
12/1/2020,392.4,406,418.2,392.4,382.52,4.24
12/2/2020,411.2,425,426,404.7,235.02,4.68
12/3/2020,426,421,428,418,203.99,-0.94
12/4/2020,422.8,443,443.5,422.5,204.41,5.23
12/7/2020,446.5,425.1,464.2,401.9,628.67,-4.04
12/8/2020,400,395,410.4,385,745.32,-7.08
12/9/2020,399.7,395.8,412.1,383.2,561.75,0.2
12/10/2020,391.5,362,401.1,358.3,764.97,-8.54
12/11/2020,358.8,320.5,358.8,308.3,1287.92,-11.46
12/14/2020,265,296.1,298,238.5,1477.54,-7.61
12/15/2020,303.8,300,316.8,294,806.72,1.32
12/16/2020,299.3,300,304,290,334.45,0
12/17/2020,305,309.2,313.9,305,332,3.07
12/18/2020,260,271.4,272.6,242.5,1417.57,-12.23
12/21/2020,260,256,265.3,248,688.12,-5.67
12/22/2020,262.6,267.7,275.9,262,400.54,4.57
12/23/2020,275,269,275.6,252,381.97,0.49
12/24/2020,269,269,269,269,0,0
12/28/2020,265,274,274,257.1,277.11,1.86
12/29/2020,279.5,280.5,285.2,274.4,192.97,2.37
12/30/2020,280.5,274.7,280.5,270.4,179.23,-2.07
12/31/2020,274.7,274.7,274.7,274.7,0,0
1/4/2021,276.5,276.4,279,268.1,190.64,0.62
1/5/2021,275.6,265.7,275.6,263.6,243.79,-3.87
1/7/2021,267,248,267.1,248,386.07,-6.66
1/8/2021,250.2,239.9,253.4,234.2,367.23,-3.27
1/11/2021,240,246,257,240,198.41,2.54
1/12/2021,246,248.5,252.9,243,162.24,1.02
1/13/2021,248.5,249.9,253.5,247.1,163.6,0.56
1/14/2021,253.4,265,277.1,251.3,339,6.04
1/15/2021,265,256.2,267.2,251.1,196.08,-3.32
1/18/2021,257,253.5,258.2,249.3,121.28,-1.05
1/19/2021,255.3,248.2,257,242.8,186.52,-2.09
1/20/2021,247,252.7,255.7,239,183.2,1.81
1/21/2021,255,253.2,260.5,251.6,231.13,0.2
1/22/2021,252,250.1,257,249.9,131.02,-1.22
1/25/2021,252,275.7,276.6,250.3,427.09,10.24
1/26/2021,273.1,300,300,273.1,779.18,8.81
1/27/2021,308,315.8,345,308,1913.04,5.27
1/28/2021,311.2,365,376.5,299.1,2350.69,15.58
1/29/2021,354,305.2,358,297.7,959.73,-16.38
2/1/2021,305.5,305.8,316,291.3,307.85,0.2
2/2/2021,305.5,283.3,305.9,282.4,400.28,-7.36
2/3/2021,284,288,295.6,283.4,199.62,1.66
2/4/2021,288.1,291,298.8,288.1,117.97,1.04
2/5/2021,293.2,293.4,297.9,288.2,127.08,0.82
2/8/2021,297,286.3,297.8,286.3,140.6,-2.42
2/9/2021,287,270,288.2,268.4,306.99,-5.69
2/10/2021,268.9,269.5,275.5,264.4,177.48,-0.19
2/11/2021,268.5,270.5,271.4,268,94.71,0.37
2/12/2021,269.1,263,269.7,260.3,96.92,-2.77
2/15/2021,260,270,270.6,258.3,72.53,2.66
2/16/2021,271,270.1,273.2,266.7,88.21,0.04
2/17/2021,272.1,271.3,272.5,268.1,79.36,0.44
2/18/2021,271.3,275,283.5,269.2,137.9,1.36
2/19/2021,275,265.4,278.9,264.7,116.01,-3.49
2/22/2021,266.4,258.1,268.2,258,122.44,-2.75
2/23/2021,259,257.7,261.1,250.1,142.56,-0.15
2/24/2021,258.2,258.2,262.3,256,88.58,0.19
2/25/2021,255,251.6,256,249.1,193.65,-2.56
2/26/2021,249.6,236.6,249.9,234.2,354.91,-5.96
3/1/2021,237.4,240.3,241,225.2,253.2,1.56
3/2/2021,240.9,241.3,245.9,236,163.02,0.42
3/3/2021,241.8,228.3,245.3,227,195.22,-5.39
3/4/2021,228.3,235,237.5,226,122.61,2.93
3/5/2021,233.5,232,237.8,228.8,106.71,-1.28
3/8/2021,234.9,232,237.5,232,95.62,0
3/9/2021,231.5,223,233.7,223,231.24,-3.88
3/10/2021,223,210.2,226.7,210.2,274.17,-5.74
3/11/2021,210.5,221,223.6,206.6,257.43,5.14
3/15/2021,231,229.9,234.6,225.5,120.39,4.03
3/16/2021,233,229.5,236.1,226.5,96.76,-0.17
3/17/2021,230,231,232,223.1,122.72,0.65
3/18/2021,231,220.7,231.7,220.7,142.26,-4.46
3/19/2021,220.7,223.2,227,217.9,214.23,1.13
3/22/2021,221,217,221,216.8,117.28,-2.78
3/23/2021,218,220.7,221,211.4,127.02,1.71
3/24/2021,219.4,217.1,222.4,215.1,104.9,-1.63
3/25/2021,219.9,208.1,221.9,208.1,157.54,-4.15
3/26/2021,210,212,216.9,209.5,93,1.87
3/29/2021,218,239.7,243.5,216,484.27,13.07
3/30/2021,250,217.9,251.6,216.8,381.56,-9.09
3/31/2021,199.8,190.5,203.7,181.5,670.91,-12.57
4/1/2021,190.8,194.58,197.78,185.06,204.46,2.14
4/2/2021,194.58,194.58,194.58,194.58,0,0
4/5/2021,194.58,194.58,194.58,194.58,0,0
4/6/2021,198.98,197.08,201,194.02,145.15,1.28
4/7/2021,198.22,191.76,198.84,191,101.85,-2.7
4/8/2021,191.78,183,191.78,182.1,217.32,-4.57
4/9/2021,183.52,184.38,192,181.6,198.55,0.75
4/12/2021,185.7,186.5,188.1,183.38,72.69,1.15
4/13/2021,187.2,186.5,190.5,185.98,67.85,0
4/14/2021,188.5,185.76,190.3,184.2,102.84,-0.4
4/15/2021,186,187.42,188.8,185.02,60.69,0.89
4/16/2021,190,176.76,192.5,175,308.55,-5.69
4/19/2021,178.94,177.5,185.1,177.1,123.63,0.42
4/20/2021,178.5,173,181.2,172.22,99.67,-2.54
4/21/2021,173,172.6,179.96,167.3,127.15,-0.23
4/22/2021,175.7,173.5,176.7,172.3,52.64,0.52
4/23/2021,176.98,171.14,179,167.5,121.04,-1.36
4/26/2021,173.48,168.98,173.9,165.1,116.09,-1.26
4/27/2021,166,168.3,173.34,166,104.44,-0.4
4/28/2021,170,172.5,174.7,168.6,114.57,2.5
4/29/2021,175,175.24,177,170.6,91.31,1.59
4/30/2021,175.76,174.12,179.74,174,84.67,-0.64
5/4/2021,175.22,168.92,175.8,167.7,100.75,-2.99
5/5/2021,168,161.5,168.42,156.3,125.45,-4.39
5/6/2021,160.5,156.52,161.28,154.62,121.58,-3.08
5/7/2021,157,161.46,161.46,156.14,71.73,3.16
5/10/2021,163,156.66,165.4,156.6,74.59,-2.97
5/11/2021,156.96,154.26,157.08,151.08,118.6,-1.53
5/12/2021,155.26,161,170.78,151.78,153.74,4.37
5/13/2021,162.2,157.92,164.12,155.74,95.39,-1.91
5/14/2021,159.48,164.88,166.76,155.1,99.8,4.41
5/17/2021,167,171.72,178,165.5,160.36,4.15
5/18/2021,174.5,170,176.66,167.24,160.32,-1
5/19/2021,169,169.06,170.3,166,97.48,-0.55
5/20/2021,169.22,175.5,176.32,169.2,118.19,3.81
5/21/2021,175.5,173,176.36,171.46,114.73,-1.42
5/24/2021,172,168.22,172,168.1,78.56,-2.76
5/25/2021,169.22,164.9,173.66,162.1,107.27,-1.97
5/26/2021,165,161.6,168.18,161.6,64.53,-2
5/27/2021,165.6,175.5,175.5,165.5,192.7,8.6
5/28/2021,177.7,178.58,182.96,174,106.57,1.75
5/31/2021,175,168.74,175,168.28,89.66,-5.51
6/1/2021,156.12,153.38,158,152.6,283.94,-9.1
6/3/2021,153.38,153.38,153.38,153.38,0,0
6/4/2021,164.82,171.2,171.2,161.82,86.18,11.62
6/7/2021,170.66,169.76,173.68,167.12,77.72,-0.84
6/8/2021,169.28,171,172.2,168,71.03,0.73
6/9/2021,173,176.5,178.8,170.8,154.48,3.22
6/10/2021,177.1,174,178.26,172.58,49.62,-1.42
6/11/2021,174,185.8,186.5,172.82,122.28,6.78
6/14/2021,186.2,186.78,187.9,182.66,75.47,0.53
6/15/2021,191.5,198.98,204.7,190.9,313.36,6.53
6/16/2021,207,186.14,211.65,186,297.18,-6.45
6/17/2021,185,181,186.4,178.22,152.98,-2.76
6/18/2021,182,183.86,183.86,179,162.36,1.58
6/21/2021,183.86,183.38,184.62,179.42,46.7,-0.26
6/22/2021,182.98,177.78,185.96,177.12,64.16,-3.05
6/23/2021,177.1,178,178.72,173.04,101.36,0.12
6/24/2021,178,180.04,182.4,176.54,70.8,1.15
6/25/2021,180,179.72,184.1,179,92.64,-0.18
6/28/2021,179.62,185.5,187.6,178.06,92.19,3.22
6/29/2021,185,188.36,193.24,185,126.34,1.54
6/30/2021,187.38,185.02,190,182.6,94.38,-1.77
7/1/2021,185.1,188.76,190.96,185.1,68.81,2.02
7/2/2021,189.68,190.2,192.8,188.8,50.34,0.76
7/5/2021,192.62,191.9,192.9,189.34,28.06,0.89
7/6/2021,191.9,187.32,192.5,187.32,82.92,-2.39
7/7/2021,189.68,193.4,193.5,186.86,77.95,3.25
7/8/2021,192,187.48,193.9,186.82,60.57,-3.06
7/9/2021,189.14,188,189.88,187.1,41.52,0.28
7/12/2021,190.2,201.85,202,190.1,204.85,7.37
7/13/2021,202.5,203.45,206.15,201.3,84.93,0.79
7/14/2021,203,195.94,203.2,195.5,65.16,-3.69
7/15/2021,195.98,194.92,197.66,193.12,78.22,-0.52
7/16/2021,194.94,194.14,197.96,193.5,54.44,-0.4
7/19/2021,193.6,186.3,194,184.64,95.38,-4.04
7/20/2021,186.86,187.6,188.8,185.14,74.73,0.7
7/21/2021,188,184.48,194.24,180.4,78.63,-1.66
7/22/2021,187.3,186.04,191,185.24,47.62,0.85
7/23/2021,187.5,186.28,189.08,185.86,41.1,0.13
7/26/2021,188.9,184,188.9,182.34,62.37,-1.22
7/27/2021,184.42,183.22,184.78,181.22,57.9,-0.42
7/28/2021,183.22,183.78,184.06,176.8,121.07,0.31
7/29/2021,186,184,189.3,182.86,100.78,0.12
7/30/2021,182.66,184.74,184.8,178.64,55.87,0.4
8/2/2021,183.48,175,183.48,174.6,146.48,-5.27
8/3/2021,177,175.52,177.38,174.1,72.19,0.3
8/4/2021,175.52,175.1,178,172.66,42.69,-0.24
8/5/2021,175.88,178.24,179.78,174.74,51.65,1.79
8/6/2021,178.3,174.12,178.34,173.5,31.9,-2.31
8/9/2021,175,172,175.24,170.66,39.61,-1.22
8/10/2021,172.6,166.16,172.8,166.16,88.8,-3.4
8/11/2021,166.2,167.36,168.56,164.08,37.81,0.72
8/12/2021,167,166.86,168.08,164.74,29.22,-0.3
8/13/2021,167.6,168.9,172.88,166.48,33.56,1.22
8/16/2021,168.9,165,170.5,165,46.45,-2.31
8/17/2021,165.5,171.02,171.54,164.5,67.37,3.65
8/18/2021,170.14,166.6,170.4,166.5,36.03,-2.58
8/19/2021,167.08,168.3,168.68,164.58,32.24,1.02
8/20/2021,168.28,165.74,168.3,164.38,68.31,-1.52
8/23/2021,166.16,165.22,167.78,164.2,31.68,-0.31
8/24/2021,166.22,165.78,166.88,165.02,29.63,0.34
8/25/2021,165.72,165.58,166.4,164.14,37.99,-0.12
8/26/2021,164.98,168.04,170.9,163.2,77.11,1.49
8/27/2021,168.22,167.78,168.48,165.5,34.29,-0.15
8/30/2021,167.88,167.62,169.88,164.4,73.52,-0.1
8/31/2021,167.78,169.32,172.62,167.28,121.62,1.01
9/1/2021,171,170.36,173.9,169.4,75.35,0.61
9/2/2021,180,189.98,192.96,179.6,303.92,11.52
9/3/2021,189.98,187.02,192.06,185,80.18,-1.56
9/6/2021,187.34,188,189.2,185.02,55.91,0.52
9/7/2021,186.9,185,187.58,181.8,78.26,-1.6
9/8/2021,185,178.5,185,178.3,84.3,-3.51
9/9/2021,177.9,180.68,180.68,176.6,58.27,1.22
9/10/2021,180.7,181.42,183.86,179.18,56.11,0.41
9/13/2021,182.26,187.94,188.7,181.5,91.12,3.59
9/14/2021,189,188.78,189.76,184.24,80.16,0.45
9/15/2021,187.4,190.86,191.6,186.64,66.5,1.1
9/16/2021,191,196.36,196.5,191,116.13,2.88
9/17/2021,197,195,199.42,192.28,210.61,-0.69
9/20/2021,192.12,184.42,192.26,184,71.97,-5.43
9/21/2021,184.2,184.8,188,183,67.92,0.21
9/22/2021,186.2,190.1,192.68,185.8,84.45,2.87
9/23/2021,191,193,196.5,190.42,49.89,1.53
9/24/2021,192.74,184.02,192.8,184.02,67.84,-4.65
9/27/2021,185.4,181.18,186.14,177.2,53.4,-1.54
9/28/2021,180.3,183.82,185,179,42.21,1.46
9/29/2021,184,184.1,186.9,183,25.4,0.15
9/30/2021,186.1,191.8,191.8,184.48,69.18,4.18
10/1/2021,190.5,189.54,195.4,186.52,82.75,-1.18
10/4/2021,188.12,184.1,188.12,182.5,77.85,-2.87
10/5/2021,184,194,194,182.5,98.11,5.38
10/6/2021,192.7,193.14,193.78,188,72.04,-0.44
10/7/2021,190,194.1,197.3,189.68,95.87,0.5
10/8/2021,193.88,194.86,196.7,192.66,49.24,0.39
10/11/2021,194.76,195.2,197.9,192.8,53.15,0.17
10/12/2021,195.16,203.9,204.8,195.16,123.92,4.46
10/13/2021,203.05,208.85,209.4,200.8,83.24,2.43
10/14/2021,208.8,200,212,199.3,118.68,-4.24
10/15/2021,200.8,188.12,201,188.02,184.09,-5.94
10/18/2021,188.8,189.06,191.5,186.1,63.05,0.5
10/19/2021,189.1,197.48,197.52,189.1,59.09,4.45
10/20/2021,197,193.6,197.58,193.5,40.83,-1.96
10/21/2021,183.42,181,184.46,175.76,226.38,-6.51
10/22/2021,181,184.28,184.98,181,53.08,1.81
10/25/2021,185.5,187.2,187.68,184.7,41.55,1.58
10/26/2021,187.26,182,188.5,182,39.73,-2.78
10/27/2021,181.82,178.02,183.14,176.2,62.15,-2.19
10/28/2021,178.98,172.82,180.52,172.82,64.82,-2.92
10/29/2021,174.1,173.88,177.2,172.58,66.81,0.61
11/2/2021,176.2,173.42,176.2,170.66,56.01,-0.26
11/3/2021,173.82,173.6,177.32,173,71.03,0.1
11/4/2021,174.02,181.1,181.6,173.22,50.07,4.32
11/5/2021,182,178.82,183.2,177.42,37.11,-1.26
11/8/2021,178.82,179,181.88,178.22,15.39,0.1
11/9/2021,178.4,181.7,182.86,178.24,35.32,1.51
11/10/2021,182.26,180.74,182.5,178.36,26.83,-0.53
11/12/2021,182.5,184.8,187.28,182.08,56.59,2.25
11/15/2021,184.72,183.32,189.86,183.32,47.91,-0.8
11/16/2021,184,183,187.36,182.38,45.67,-0.17
11/17/2021,184.5,179.94,184.5,179.22,36.08,-1.67
11/18/2021,179.92,181.34,181.88,178,32.73,0.78
11/19/2021,180,189,189.6,178.5,86.48,4.22
11/22/2021,189,194.48,197.5,186.6,117.19,2.9
11/23/2021,194,201,201,190.4,190.63,3.35
11/24/2021,199.88,186.54,201,186.5,107.9,-7.19
11/25/2021,189,187.08,190.98,185.18,36.57,0.29
11/26/2021,185,185.52,186.8,181.1,101.84,-0.83
11/29/2021,187,191.52,198.8,186.94,103.9,3.23
11/30/2021,191.52,191.52,191.52,191.52,0,0
12/1/2021,183.54,185,185.6,178.1,81.93,-3.4
12/2/2021,182.5,180,183.7,177.5,64.92,-2.7
12/3/2021,181.58,181.46,183.58,179.92,113.08,0.81
12/6/2021,182.1,184,185.34,181.1,51.1,1.4
12/7/2021,184.9,185.58,189.68,183.4,68.02,0.86
12/8/2021,185.4,186.2,188.06,183.54,46.58,0.33
12/9/2021,184,180.14,186.76,178.58,57.91,-3.25
12/10/2021,179.78,178.54,181.3,178.06,26.4,-0.89
12/13/2021,178.66,182.62,183.58,178.66,48.53,2.29
12/14/2021,182.62,172.92,184.26,172.92,79.09,-5.31
12/15/2021,173.2,179,181.56,172.94,66.15,3.52
12/16/2021,183.5,183.96,187.24,181,85.37,2.77
12/17/2021,182.72,188.96,189.06,182.1,141.13,2.72
12/20/2021,184.24,193.04,193.04,184.06,78.05,2.16
12/21/2021,191,191.36,193,187.02,42.22,-0.87
12/22/2021,191.4,197.84,197.84,191,65.29,3.39
12/23/2021,197.84,194.58,197.86,191.22,43.48,-1.65
12/24/2021,194.58,194.58,194.58,194.58,0,0
12/27/2021,191.18,195.28,197.26,188.2,58.77,0.36
12/28/2021,194,190.5,195.2,189.6,49.79,-2.45
12/29/2021,189.5,190.12,193.5,188.52,31.09,-0.2
12/30/2021,189.2,192.9,192.9,189.2,31.2,1.46
12/31/2021,192.9,192.9,192.9,192.9,0,0
